USE newdatabase;
create table person (driver_id varchar(10),
name varchar(20), address varchar(30), primary key(driver_id));
desc person;
insert into person value ('A01','Richard','Srinivas nagar');
insert into person value ('A02','Pradeep','Rajaji nagar');
insert into person value ('A03','Smith','Ashok nagar');
insert into person value ('A04','Venu','N R Colony');
insert into person value ('A05','Jhon','Hanumanth nagar');
select * FROM person;


create table car(reg_num varchar(10),model varchar(10),year int, primary key(reg_num));
desc car;
insert into car values ('KA052250','Indica','1990');
insert into car values ('KA031181','Lancer','1957');
insert into car values ('KA095477','Toyota','1998');
insert into car values ('KA053408','Honda','2008');
insert into car values ('KA041702','Audi','2005');
select* from car;


create table owns(driver_id varchar(10),reg_num varchar(10),primary key(driver_id, reg_num),foreign key(driver_id) references person(driver_id),foreign key(reg_num) references car(reg_num));
desc owns;
insert into owns values ('A01','KA052250');
insert into owns values ('A02','KA053408');
insert into owns values ('A03','KA031181');
insert into owns values ('A04','KA095477');
insert into owns values ('A05','KA041702');
select* from owns;

create table accident(report_num int, accident_date date, location varchar(20),primary key(report_num));
desc accident;
insert into accident values ('11','01-JAN-03','Mysore Road');
insert into accident values ('12','02-FEB-04','South end Circle');
insert into accident values ('13','21-JAN-03','Bull temple Road');
insert into accident values ('14','17-FEB-08','Mysore Road');
insert into accident values ('15','04-MAR-05','Kanakpura Road');
select* from accident;

create table participated(driver_id varchar(10), reg_num varchar(10),report_num int, damage_amount int,primary key(driver_id, reg_num, report_num),
foreign key(driver_id) references person(driver_id),foreign key(reg_num) references car(reg_num),foreign key(report_num) references accident(report_num));
desc participated;
insert into participated values ('A01','KA052250','11','10000');
insert into participated values  ('A02','KA053408','12','50000');
insert into participated values ('A03','KA095477','13','25000');
insert into participated values ('A04','KA031181','14','3000');
insert into participated values ('A05','KA041702','15','5000');
select* from participated ;

